a1,a2,a3,a4,a5,a6,a7,a8,a9,a10
54.4491155299775,80.5546638005978,235.76206313010346,367.12094413642836,129.0685035953225,201.46112156676202,348.82576992008194,337.73269015162265,277.1324375111392,204.42468529634235
305.84482359537844,251.93583002849283,543.0177320211083,266.1213341298701,434.56659812115925,99.37482255820137,446.6853472487529,259.8648528482264,127.57843105987331,93.19577170278508
475.39084629165455,500.00641955234005,323.25052787016494,66.64496484749958,215.0302955905137,96.69784141938885,373.75681956211525,404.340972485829,474.14024612677804,235.0126594228352
105.88417336562246,481.7663656953081,136.9432648988365,306.1299337209147,151.6136829994804,73.51645238359323,354.6870107710999,392.4870554669868,240.27710571733886,280.93081925655616
369.6005374274494,69.67929811249942,155.09297036984643,400.5780312025811,124.9485889025085,132.90030146851325,282.53389552576425,30.509111261602385,539.2099022204079,339.2696014848379
293.0080026295035,64.5772856629244,251.91078305547302,338.18027626934025,135.38535572833246,105.66875503843575,398.6257633743086,422.84840589923687,101.31034075219144,395.9451794687256
234.05890301464532,86.03655578388796,106.75904209178006,334.2738365971856,133.8655462126889,182.48471673834104,276.02803690649546,392.79083894650586,247.34191943389817,151.04629067826215
434.7641364593272,439.51285349861456,514.2703394434758,250.39536613588848,453.65587372750554,413.2870724792088,526.4384863277231,134.16284158822964,160.9587009529937,171.26973844026506
150.16248908481128,341.16402578210773,501.45122121850085,210.58654753294746,426.54092564689086,510.2493200565844,561.4471949560204,143.29813927108796,638.7259547384107,151.46492250886425
44.95696547491378,425.0617099879567,81.30816303566978,424.92528757731316,188.14004522983356,286.56566534309036,254.95306828023203,395.0162070494886,269.0670134787476,252.4764876360116
420.39354615872514,435.92192441575764,531.1910207425423,144.4449186698457,458.1157103932488,352.5726270152432,514.9715251787386,456.4184989593487,587.2766133180744,210.78772355079818
623.9008943373216,37.46859570108028,130.5452436436694,359.68862012794636,153.6358126977563,183.11286474003106,350.735375577351,343.79891802661473,268.378802658952,304.5269589825277
288.53187128542316,107.14024019338504,397.8907207512591,312.9397483179809,131.56120849115948,475.05586388257603,335.1922174193303,402.33732099041947,255.3425376642816,361.66291080650007
633.032235388211,498.52994493387195,326.61870299007785,282.18181710016216,107.72131482328388,271.1246385733035,564.0792396144486,347.08212781576117,653.1173056372704,368.4582059332733
264.40625684554317,43.5430084217656,425.7410961797225,109.56885933362761,538.8004158951271,92.31072284930815,91.20523072234369,53.3279233718742,144.4212074384971,323.80693548455514
323.75541306577463,247.33468928323134,152.98861057615431,429.23398294862625,149.5489769220165,56.59577947766658,118.07232537728791,110.65277178813962,141.74956272394672,438.6243434765804
311.3644071204037,10.268865607380159,208.0125486518355,358.3978990499681,372.005311700544,107.30257726674142,62.55882158094957,75.88045941470013,618.7540018014364,349.00958830036404
495.8345426536236,225.88232832046984,255.84853639113467,191.02719426604156,423.7513678138832,301.3947548964871,522.744758632095,450.3005818196009,638.0389225390992,215.8913709986239
89.56818276801587,101.11204862674464,452.7373049011912,185.18604492194328,478.3700843506233,379.4867853624215,471.81966652304266,364.49061115624806,81.51857411022252,447.168968164817
202.00023260485108,49.07471454209073,329.37147554206535,281.2231731077837,533.7072707347083,370.01821758015745,529.7830795012507,115.913928546681,563.4415059645112,251.85934251556696
253.19844905772447,59.11169112105177,570.4700894285193,152.45510192566258,384.19607779843057,364.9483524660613,597.3145340189983,476.6574807016568,495.32719147111004,344.1699110502899
450.27358127457666,460.43120312106026,524.9179753434928,118.25339940737251,446.54984973773435,411.3909251268922,515.2087886038569,238.02152856187877,78.05913006942791,155.14380553954814
201.87922933235234,270.1270349776574,352.7859585846956,93.12257555006579,128.55990015290928,428.4968560464526,317.0855339798356,418.38224413664443,239.91585485429164,219.82251687326965
448.6064242651162,256.01912135528113,477.3348632821127,142.3905503089473,122.3668722748289,418.84329201963635,475.84606616977874,129.97385247362033,159.7992715028438,182.62937984334363
477.2661194327851,62.445173928528675,523.4718350363166,134.12098603579034,438.4525089687476,436.57175002648404,103.03384155461644,115.19481655441854,427.59152814463005,342.09203857874826
27.405317533195895,19.876769663510995,130.32104349990936,361.31403847646345,223.8350645279775,149.76333777840713,410.11388505471876,17.07422666068868,313.14811088940377,94.82536005223115
475.8853902336084,457.5830382117514,176.04358663228473,335.48441706466974,478.276695487975,420.26111092984434,134.46619846621752,191.05274100458772,74.18586954537585,184.38916293407271
191.40850050236318,289.3945254378392,517.3194835488725,206.08856122437186,115.84926921657406,510.2089590521006,555.218296193355,9.879992172427258,383.80470386000684,451.7633535249549
602.3858792233497,37.057226101489825,342.6142092363177,424.52022683696964,142.000514377351,60.677278965251446,334.9898865634438,422.27730512344664,593.2280151637427,373.0854760687559
131.61778077301705,48.508913403956555,517.604495380566,128.59991589297746,587.795573893415,79.00006711697996,284.71654217166497,7.760498459354071,523.9872634922699,377.3068939806404
477.44309961799917,364.0903733781952,190.43911032131467,246.97515818693932,555.0216540654709,340.2591645166688,174.13573703755122,60.992639463961304,144.90729978882152,205.7304123414122
346.1114201832719,306.84218135134233,223.32120625800056,274.18796990614743,504.30202232172206,414.6372537879548,490.34148239411877,187.9473081217331,90.97434455232124,253.30871152585516
360.4813756517639,79.48518561759191,63.254205754973874,408.86963384979,206.79168634579707,216.6200652543681,302.60802024773693,107.29254667950512,158.57048504668825,296.1482175409803
671.1849906728856,52.80683473029502,78.41063683486104,355.40717467554674,566.3729127216698,101.97559011572503,341.3950475950517,270.8043449690974,189.10671482239638,424.25190674490614
80.05864690650384,119.68484476525049,139.24666331558765,330.4899688104988,532.2065074282135,351.57267659183043,51.3315103318449,225.1787762283684,71.49542058184598,124.16258715795358
-12.10871301254747,482.90884209797855,517.1713339145562,193.81078255969246,105.5006587759976,94.56962994196135,376.03996931219694,367.4572724881538,449.53078883387434,418.9071260732183
86.27688901559299,45.152722325600294,359.3156446364255,53.63744302347078,129.19700536335134,138.412121723792,365.6423051793385,335.18448189530136,242.2704854731352,468.96937145819845
474.6000257489184,397.3776205314949,161.87036231367313,363.5176697403266,106.60300946154803,157.7050340592163,378.50165295889803,409.27221418355555,225.46547233970725,150.04338473038436
126.46293339118321,56.76369686483889,133.78136485001755,402.42327295404914,529.5280299602377,431.2534755869409,560.1664822179115,257.97138595657236,615.7069318060708,212.00646501773593
229.85370777834575,292.1945658752427,404.494117125009,177.20596805139823,368.11506441024346,404.00547166816875,440.6719034299947,280.4734182305162,352.881691379584,154.30861165592603
532.8649122183491,194.68596857948484,468.93866511700475,135.75176587946166,499.9782374632932,331.5129590278665,227.89328353050212,66.8388042804483,616.4143331045509,306.8884004552856
150.7799633561433,52.27062359239187,198.15993764496687,375.81225685112355,122.96878115669837,254.84990210611403,282.0585458391092,385.4927061029714,478.3392383795235,303.66045202657114
91.65488420857056,183.49819418047795,481.1554762709753,181.83547627453905,468.1023071578963,339.06950671265145,461.48364952446536,408.6272914490296,523.09002183577,126.00775350520499
68.97567277815293,160.94164266980385,417.86079664016694,231.56067660562033,349.60279140298576,355.74422186873267,81.473411778699,441.0901498224603,126.1414134304936,171.00684737781944
326.47164559053647,44.91489505314889,216.3110398400999,278.1517602748225,57.81377621231413,180.78908526637463,413.360914222547,464.58803421071684,360.00014634091247,439.8146389238868
164.484878147014,471.43111821767377,466.15386700835364,80.9273985627249,225.4291819848603,128.01036647358285,424.90338936802425,408.8628366270172,477.87193606433414,371.2662313007572
430.68256592042195,108.2626903347439,151.03946859636056,357.9940999131218,301.98325306245516,96.10858336326713,135.82497492111648,145.13751594732898,471.69583641744464,335.21792247669697
626.1853494817915,25.57476060511471,222.06760799683505,315.07675633189973,122.48936557717163,151.71798797048197,117.98492713247806,70.73471216126435,390.5809729932613,394.61832143760057
541.5001099288081,30.074018070647277,543.4747385152707,213.6189357032615,456.8734077540248,439.6730257513697,199.57148579263165,24.768727249458024,65.33352509027355,472.80154569266875
604.3687159282092,93.25642071635387,246.6499089603398,365.7495075315251,205.4077052318341,27.537335389867938,236.68140358825218,31.857543397972233,49.27517470107541,97.03647582206017
16.586580855334752,492.70658444157317,522.8169176737262,312.4249635656634,270.5802898399955,342.8489104311359,340.8655530398221,350.5108131655045,137.08701423637018,428.22308789350984
40.032982977475896,30.365127880103337,158.65535367285693,357.714199003468,135.97555193898825,53.29082436198274,274.41383927925466,448.73911665899726,637.1948928523599,357.948751747233
535.7485948360136,492.84448599720736,562.5433752648381,193.30276220802176,490.19160366028893,377.49002284194484,587.4137370777673,200.85296020437815,132.95796018720276,264.7133384578995
617.1871405272285,32.342659431463005,169.3668678910097,374.69442931589947,136.2667271479762,248.15995577365442,115.46263714616877,287.3869947091011,292.11879915015044,400.63655823717426
151.30223474625268,108.2215374874891,93.78590376000852,388.82743655192803,282.39888411892593,122.69359753957627,135.17239285761036,53.666508656977506,537.9898710561914,388.2100761107647
21.301181983379017,327.85627311596363,454.23172028193744,440.9111722930897,533.4671564334517,10.138911916471937,133.65555626651218,164.69024019216164,102.15537782899722,227.60258126237505
427.70047648857536,347.0053514254869,165.15187787836618,332.5228784427136,411.205190409286,463.41093523662107,410.6932003416799,125.73117432380992,155.05768132239746,109.9887678053164
7.42633589401696,381.22297244198063,431.38157727063293,215.80821093387908,389.1954647134705,59.08593170601629,160.06893134313185,175.51539104775063,357.7854872691885,269.04313160134484
122.16180644514641,13.878462256678961,138.34723147917515,308.5082852205757,229.51731491833314,507.1746297180061,324.54516497996906,126.7923936348998,193.16477033072522,402.8484326314149
116.37573252413645,56.91754213402777,126.63101630475873,414.9556313644306,198.38655224952333,137.893639593973,171.3703529697422,101.41755012995333,359.1547080470598,416.48007479509056
271.53693304637386,507.10159652400347,146.3418081537925,392.1959209249735,493.41350984076473,389.7913380706135,154.3065412376452,138.1679148335929,149.19856714815054,165.7321347315133
625.195293458808,110.26435132190285,466.90284858696816,97.71710000977131,136.29288322451546,245.03113971001466,123.04785668605227,269.8433735113938,407.3371584425837,402.6287916542049
531.5084227333299,318.2708624435386,457.79830706524785,193.44557297956817,149.77770680708448,159.06617733940058,392.38843488525646,472.0401516139458,270.6573628197181,468.44760997363306
263.85414637231196,327.29721641461094,552.2585359768566,160.6847691904979,527.8257820175915,509.9594749168208,141.01833668816556,164.12818617171396,134.2802051277682,192.24044081390753
299.6508734591339,64.83986521055182,183.83079231450705,335.33659783749613,155.2342105155097,91.84514506289213,130.0590808724494,144.93898089756794,466.1686822975819,360.2639513669081
403.5530453627471,199.09972105989507,40.70616370594835,323.37156460812395,213.98740658897475,255.9991725891437,251.9587089965714,22.464076577842324,205.8107817547235,100.75555105908731
227.24044325580203,250.1539724777418,78.21318744154303,94.99937773603563,496.2571450392214,388.83795784989366,524.1524852995167,311.1290359683952,638.704382557479,118.86509447704063
437.73092347256306,400.1537327579131,426.5971490697447,278.14831872208003,502.58894092543915,346.12397775314935,102.0345801439448,111.85282673564774,137.70889013796904,259.33847322478283
81.038687754134,222.23863482067281,502.5767391051638,121.00512427004426,423.0728515825346,426.5336122957693,504.7604994117145,406.64600241311757,489.65677202405504,217.49071010877216
252.4778077751489,304.47319621990675,514.5908210845324,100.87896675985627,214.84616242883686,285.42773426945246,100.37542473541124,153.79097496948623,469.6464750190562,239.84327018390138
685.1615408526776,405.026295990638,124.31887935693294,153.20180716359363,544.4563240810949,160.8575511128672,607.6921666970293,344.308612967067,656.3663845229773,461.46678300364147
503.25052848022557,240.3601962367165,184.21597953069406,345.5152930582338,533.3800317315622,346.63816595005085,317.92591507505125,286.9372655433678,172.3209512071548,441.2633793950518
264.2027770299975,473.90745557783475,335.55047355280885,227.07294019676527,335.7352029474488,384.6633493525076,599.9625052771561,85.00298189601024,614.7338308775716,453.13031935533803
629.427047906311,497.61553665597694,341.1797411889817,109.7934919156765,426.1168799718767,84.63770892397417,368.664851288317,128.6983270981264,158.04048546980607,179.9003255899151
77.4344018166734,57.924770655894946,441.0026913313508,160.5874692238308,466.766612592358,300.88908275400286,476.6986907570927,117.58155093315222,70.40126687230776,172.69796381973194
427.00109227685874,356.99560155565473,408.0321769811385,449.1077371725748,186.48885810211556,220.1634982523249,87.36706174234587,474.8884249417328,64.28298342751265,292.42456877619446
487.6463008527786,462.1119017803377,513.3132934341734,223.2090912765487,499.1275244239547,476.51423889433073,176.1105982161935,52.52275362484469,161.25415371474872,204.17470962240483
201.07677709610516,54.65853417195079,466.50216762974503,279.9448658656924,226.8008414403203,480.12405671273774,121.7371934641858,381.8090148144745,295.0574616773792,319.4673900750879
675.4886492602144,47.13699831899851,175.12407497217356,283.4431670775304,108.59779871074886,371.72291356285876,189.2008387311709,21.234986823703572,224.6202194312076,429.89635601928177
199.829162536349,287.19604444178697,34.416480731235694,82.58268994094446,569.1444121182609,308.2804779896419,116.96255340126056,98.58208069310841,203.57712062369635,313.7061307800073
347.30641937644293,92.88724256852998,484.8764272003964,159.87707365157613,461.4960926967828,410.8034264842066,203.9023943424607,468.47901335457067,380.0764849856579,209.68208911939803
384.5750373950147,74.31315314736268,58.964737585771395,410.8980829576734,141.04729691833344,134.0225673562661,286.5380041462405,27.97237775033286,524.8139217032542,335.7857725997487
79.76413045269688,294.23963628897224,321.6201893439924,230.71744709476542,472.1693515464692,110.55233122919024,91.4075404910425,445.5511059071221,113.51554518244876,152.70360739199478
510.6891490778645,520.0242623810576,202.1938305946624,69.2470888737149,254.51157758953693,256.42885131629333,427.09309037506017,340.3539149631014,90.03976966462298,275.887673207727
122.11533436598666,520.3720952595913,98.55951554917974,314.1442752888247,100.3330721250045,207.01854926860506,354.1153031139655,405.61741670460066,244.47135088726847,410.59989284857016
33.766375828908444,19.998377029670586,199.86784243190849,406.5803387129759,179.33636723345515,62.38037185885866,174.6149587844602,49.814816650152,410.80209904406644,435.069245910197
162.34519662024604,-15.568741692349677,63.343735034548054,172.74646789084161,32.38856499573935,284.29702660949454,344.81656930309543,402.59955249445676,303.55407218156785,291.3966370120202
127.35894980380714,56.69341893634561,186.5183459284225,432.1228340691391,88.6099321565244,440.3568945042016,99.53354638806168,257.2171763102837,484.500070668222,399.66100750713304
674.4580517613783,1.589442146617401,330.25178867481924,388.09529891770836,572.3931885692259,89.17148184755492,359.4937103097721,388.24670637364113,237.9955346027309,357.4903133154961
299.7302942513046,279.77665154559,470.9509956048095,259.58977512994204,417.342438178882,410.79919284958663,571.824391039454,120.58023271755562,574.6323184570762,266.0570668987047
276.45675352251243,20.8380217449814,183.4117461890071,358.54698324093295,215.44275299840814,130.1303079997246,206.41037370495022,401.69817758186593,603.9392485827814,116.83501755565462
408.4513381088445,297.492724472297,115.03100396329098,178.923828641506,466.37410044353066,401.23743886847416,416.45807716241376,113.6630499560062,607.8945620561497,183.7259792030776
258.3043573851053,414.85061120921404,400.01229654451095,106.33278474756763,470.80689098785115,419.1818875968276,117.2906929383613,173.6163598304888,565.197202387235,248.1177089798383
302.2918455526624,330.802070334127,535.3525855544368,171.55962657357406,401.4042830585764,367.83812314285876,445.2172956431817,150.65364907953114,524.9272564929788,105.265105864445
387.23590305838684,304.94490726606745,536.1297072250612,133.29230166974787,539.473210313287,346.40397624490174,177.83282491033407,372.02439063969064,210.4753021107999,138.4748459606797
20.72328161494736,217.41517448758066,473.48548376855376,169.777975942796,469.5518671441788,386.9184123997059,151.01224795916963,159.96564009803473,115.0355452308942,205.22753537667566
561.670912609488,362.12268432578617,189.32489907754658,420.5262505097116,230.2771866899128,74.76674661718806,373.0769031300708,61.06162199758636,266.7869312220316,466.83723129653384
281.2787617663155,91.72235619685753,107.69782501750099,372.4156515398046,185.2318481019501,312.30448161827917,44.148590730279736,94.27565884299509,638.0762490650513,394.20377509892114
409.6545153314859,-8.542956164188046,135.4648050200309,358.2686837883488,505.241200862903,355.75678398741724,505.7228865498709,67.45073494834298,612.1384107410335,201.75519422635668
186.8834073729351,63.598068527900345,158.12205635880494,366.3910949946769,464.45295568315674,464.14928628242075,49.88903829482405,81.14931584935677,556.9699288919388,406.52361282143795
664.8258387590037,153.256821821472,145.8384087679591,272.63522976844047,335.5483374556936,58.97062329993664,425.67091191394593,406.6000071528208,513.7477131769944,79.37472858429749
163.56149257055102,198.16283202360174,609.4800167647795,97.98974292543674,477.30313850371795,419.10238210695707,178.3128936790088,183.91572691794033,340.7280334106308,135.31520548718055
-3.7818426738238493,494.39628626999854,477.72473431395514,232.55065282449598,434.16873753212985,431.4151156937731,485.7605906639876,366.4114407803066,608.4580423017584,251.11189120574585
86.70540820522314,30.896447147454673,447.9832755330407,186.99207587446801,257.16652043299666,79.71867953013304,582.9536512625476,96.07914026299181,514.6442219390959,333.6126125783495
28.002871250312896,91.72743948719412,115.50733845632892,411.3679838172257,456.43159674002385,323.80275645592076,176.26809294640455,127.84838637916086,412.62430889890277,451.46667623293354
31.76010736561159,140.97875720152058,499.0181821956961,175.62357340687836,564.6941255455273,132.84280361165926,359.43156390302875,418.8549694550552,342.8095829719585,155.57234060715209
379.9024312372802,95.44132522880219,169.9821317081689,323.52757139336137,159.64053737116413,86.83028643379649,383.2845416701536,386.93599893954286,477.9245525770261,373.48212795651466
108.56118410982388,41.319505483043905,422.3957456784564,407.3899868785422,375.2990045286178,16.635143329296753,357.0756128320066,50.63352444478962,601.7767056354248,371.8575525301695
417.0408995946561,378.2042675493003,253.59117156306166,431.68195721288413,293.5884441147158,304.45303300368863,137.10800995595346,113.87599513456344,131.2163479552329,234.58838903240502
63.764755124906465,142.18989129106976,294.9268497615265,192.8192012531888,415.94667775733865,394.84861652452554,572.8545001304598,21.953439718443857,173.9421941571135,147.53889365569353
247.24261222089973,93.15048361171391,475.4215643010684,301.7556897716342,124.8056547075216,112.83764889351657,281.10876083951587,119.7346036106354,91.10967254482168,387.0991394517291
85.47566842279235,144.0520238816143,431.91998425944774,223.8771911052728,507.53359977135386,426.51229305440586,498.39801433706276,14.882902152386638,605.2898072826214,270.27651525723576
679.9195728205467,261.9024312218112,197.77233529895545,356.3455344400672,94.91755259046455,489.1870054568349,449.2642527760061,111.60267990149549,536.5860150020753,323.2558097335861
80.97378089965504,468.73814666769135,151.81964199156633,406.03694440460606,438.2596635919143,269.95642956331267,191.46130086160943,156.5707467679109,92.61933317273869,319.5457649945214
347.73706066364343,511.43171101044754,320.43972635772155,205.8513243653473,441.724316705703,393.0964188508419,519.8652236352241,113.31211808010691,668.3476801034867,188.2664184202893
152.25702579514964,31.98172486726728,109.76587636451711,291.09255540329343,126.53628395100888,117.54167401939003,258.3900346808357,461.0634105943172,427.3190285714444,428.74167624535954
630.297201447142,338.0350023487276,529.1094795990765,144.07969432495773,366.00634852908064,424.1614729673827,530.3385542710425,70.84387426507371,108.33046637036577,364.32251934245176
424.70559440090557,92.85876953847476,196.80948993620163,332.0348466341334,152.61912849097214,198.3732577662619,380.2516082629899,367.25790782379187,208.00868565149065,353.23083582629556
119.55962676092187,234.21776235095794,573.3380967164542,114.52457761264573,458.15580832920784,10.381784591297016,532.3031970142339,116.91128772594149,579.0757936736628,127.44499635631043
336.6944794738124,277.84408270121014,91.13351154613453,398.04166515548985,93.09018194781605,117.13083538030727,421.4526395366738,240.8651833251958,575.284281236463,363.532545615429
8.323978231330626,363.5173230954718,526.4713408895046,134.73933648697246,445.1150324730235,244.99667538390634,465.72785994858776,225.4335847927779,668.0892284958272,211.11542332077136
619.7745316133746,467.1675784639524,317.6856590021364,122.51790109327266,104.62786441667376,144.574560947751,320.2500483364837,275.4424704108348,486.720188241191,323.44561704067996
73.56572056457149,153.64485609008176,454.0440514053698,178.39790899689513,485.6558764305565,398.8024215951625,566.6925876400455,450.81444064055773,189.29881086757482,269.84305776283423
277.57497561809913,75.59380359006454,396.3101042843215,267.77712262017235,173.1997564107414,246.0607240493262,398.6634739859076,92.12160487389902,652.7119880401254,354.53028382953806
134.1553862231912,70.71063949480526,187.16940703455253,363.7140892047288,102.25353310855408,262.41317026139666,297.86971965515244,375.96810818537375,182.53495602789835,356.1398636050126
60.89314456710302,115.14136091552837,119.7982088059772,98.77478556930096,125.96231010776441,442.683297421092,375.6448590405301,137.35858532042883,178.7788712782708,418.20383021084206
276.8664321268926,88.6914509315139,308.17667439263846,351.169795359273,52.8521928803341,402.9463348071593,62.593177398139986,403.5445761966527,273.16360850297883,378.32806155215076
503.1866176228749,52.96757516193194,181.18281021273296,322.05603329927277,117.63187714571447,155.308566568417,203.24629672875986,163.0759988988527,278.41142125960465,416.74413364751723
282.7886261974974,67.77686706344643,109.74916619920916,352.11034430205973,383.2265083999092,96.84435106044488,412.0158880090481,397.18127152466104,287.9396664306167,394.62243630691404
395.0291395159585,170.6853384086256,428.78367304421334,158.84323479460505,361.4980225052358,188.59662282412518,182.41125932192398,120.44353662091645,495.73488723131607,183.61290077805248
307.40086924564116,65.5758546263005,437.38370602791764,175.02152284652956,144.1023935342062,338.01093974871367,363.89825753540555,329.42358605028437,387.5554812328618,365.40128948303266
203.26577624763786,348.6761914864582,142.6408287645467,308.5423718022043,110.21850515922101,113.10339940609241,282.6653642994747,429.8708474871504,254.2161664934027,428.54279757465395
170.02335182539733,418.2621238589079,145.67423201640497,299.32565116885536,424.17822708724594,245.00551587907006,145.73015052691838,379.15397137215723,225.49089799264746,224.98648931252663
39.220246517099746,465.30756279716064,380.8094888049236,387.189362787458,430.77569252304454,72.97161922362535,191.31990130658417,197.65510991391648,61.19200006757426,201.600539802084
209.2485935994415,115.37240536848853,240.75308071321925,345.3224364239703,185.52615352790363,302.5333922676859,345.36426422827145,21.8421774567042,359.7720392112538,342.4509671525098
215.009183416616,57.51939701987973,32.22765579103822,50.2562127134295,146.0683728743718,425.1498797549311,381.12476250847357,297.50205077346646,432.0899914955638,353.80779821383345
468.1276477809679,341.51759601873545,93.11397841646301,372.35990297167893,491.5462861874943,148.66134469597463,364.1270676041704,415.1607189295291,474.7462366166965,305.5408545243527
301.8075048734131,69.36533151016387,96.60786407014051,351.14097354167257,184.24266403154584,92.82768063488089,394.354261582001,102.31824591685924,510.0900768596788,406.58774570370986
327.3839749791586,272.3239810654846,166.08855463537662,85.3130757037614,70.20084179475705,302.5671911335202,396.6894512985041,439.65601959333156,190.93556446352747,366.12125315949453
248.47747305607217,43.650301158891494,185.62777311261848,368.9429271218913,71.04532129000037,127.50841597748183,280.9900649001619,453.13958432976546,607.8132669646008,393.01528919168413
114.78287972266963,236.25317317391975,502.86092193879597,121.90469560194899,591.2106528059788,422.06601580495254,544.5553718711813,47.33840605084127,598.8067497479586,246.89728814494532
316.0782117628658,307.2147633493842,450.9618241700136,402.4071275868498,65.84638399475531,28.81310336225062,242.99851419260003,139.72401086190447,103.71360318756612,196.72034661844472
-8.949525785188179,309.5377079788742,97.68185307062038,361.9908055962473,478.9157057531523,178.39752347906347,292.1060518533168,302.9267487115529,208.50946914022305,285.29359920993113
350.58133085921304,9.323850650716665,504.0558079420001,156.39925970944884,555.6146317490847,207.6838806028004,534.3629666607875,221.9122947937471,672.829274271121,223.75989317558188
67.35552310572598,199.99888102951564,200.10471261390288,327.3349763099333,408.7557717052432,423.6964000823298,515.4764678042075,289.22602664130204,582.5392324504061,226.15308175186078
691.3128240634232,497.06801796213716,394.2644864225629,209.77348332682084,104.30816485142638,496.3179868333616,452.8911198842792,120.72391650945781,129.07942319562727,284.9757493118701
159.435063558899,209.24737824158322,377.530863601256,262.0611265829809,121.50239238753247,406.29974042856526,116.56353298381018,403.72886737411665,78.83316611515005,167.46429703404706
90.59031793034083,212.77443679329917,459.15458381695305,190.46715239836826,413.1788772278333,311.95236576242513,570.9097901386194,122.36625189705549,150.09069387836104,201.6986006874959
529.8591319662256,407.03555074571386,394.84991836519043,84.449508061907,315.13982035924454,194.54280511485467,455.5586474576905,143.84400979062332,572.3590774240733,224.02031664283368
29.904295758828138,417.8806429441551,93.88191316872746,269.466981612871,508.22663277255407,32.907316389081984,587.7473952740122,45.48500056533888,293.86521262338044,251.37384948081564
230.0168810366942,47.19313142484877,515.0363381850775,138.00010044050578,465.0032658868216,294.4097575614343,127.8450920712973,384.5921583659384,134.8089781110195,358.8374286489147
495.2441346770726,431.24590405358754,128.72812858170568,277.7496016197592,154.88165347866834,399.61699765409196,529.284545940665,362.2718088259558,561.6580042851301,165.55282478350148
171.30581000714648,200.17813299852617,370.0580952703368,315.74609543145914,483.73245665332473,342.53459918394543,138.5895836714878,410.057877305747,511.39026200695685,187.20274969156375
557.4119762881563,209.91146230496366,506.7715897532442,210.50749165868245,77.81123933154159,136.34082420316926,362.7268664634299,104.74646144017754,545.4318752314101,450.57885543463595
236.29979983016568,234.88797889782893,480.2669851264269,77.71244983517921,495.6575036037448,339.0323374274213,112.96205262791855,403.59361936784006,152.1161572874989,123.49605098239181
218.00521457078003,250.549577254575,524.7835906635349,169.48087026796998,449.7357583711924,321.9839156900673,511.17222331676084,203.16091830131944,456.68994160290913,212.08933700163465
614.6647494530641,37.34967270142299,137.02137177497985,376.2422894542342,514.0039668210926,150.01644671526356,512.4408487023176,182.3014604779559,539.7839629767791,393.0400462880487
299.9844781672526,344.02309134204353,204.00933167693356,447.1801809008229,302.3977375135006,173.39750920788555,330.71331352422203,345.02378320681277,239.04171316827225,102.1657291020623
148.91586458455677,479.3446931403141,106.09455299331789,368.0497974572555,555.0156969036653,122.25625086507092,284.15304896030574,369.59456821237427,171.59700296034046,121.0582579558422
466.4546010626927,379.6746158645186,541.1726550013806,137.93041859933723,282.37852790695035,414.73757745118246,97.74917960336013,293.6601693289874,405.5431133376162,93.9025724472905
149.98170978394302,287.6110228103671,284.0581216075245,227.82441913032787,302.84075866049636,362.478023145791,445.71956971193134,200.6546015815726,49.559477034752575,143.90575716289473
693.180059551406,149.36929171806838,211.469377516158,355.9071121292834,130.64298411937952,17.303131453636183,270.4333837562183,151.91088723848708,499.09088396520144,339.6554530624491
589.8807583700698,475.99680756032234,427.42283805210246,274.9903090350551,442.10288789510594,183.40685328546823,450.4715725112065,58.15227514683853,481.56646246305263,266.7205768797334
296.77759298309434,102.5445756910366,471.831659444425,187.62216537367192,505.9382248998821,63.24856648156306,546.4110890873997,325.73061123269605,324.0588109642278,206.8961448492862
289.60850807533325,7.42500101372304,130.86988053695947,260.9953499952326,408.99781862700513,343.0263629831458,607.6899620225472,406.4409546078322,191.05334909515452,290.43521200451266
182.18196361533458,246.4316536242266,534.114970454092,108.03084042857046,527.8376630663503,373.65157369295355,529.3497805639851,475.3020804757991,560.224822173652,308.09144100120227
490.5574102608608,151.34105386295892,202.3795640137092,275.1566808187032,334.4861760658578,157.46422993108018,43.10335170328068,347.136360203985,190.16503691432763,87.98704789325146
578.3108258388817,50.86736613451423,202.18721193113706,364.85576317856817,427.29414451571574,334.89531920435076,221.87707074880242,370.4931652811269,446.6172958124439,350.3258755858209
189.5799310724057,243.5051683563617,530.2810453047873,171.24221903292903,221.19992479266892,361.4952017710482,458.53330449836716,297.7028138717157,314.4295623849258,172.26418757018774
242.37282119535865,327.46198283376253,453.1144025054178,121.0317822074683,482.79311033374574,503.9542014343236,153.83671518793915,352.27062683485167,114.41493401624268,199.10275591853912
305.2491992766197,209.94802364274562,212.62749363566348,459.997944394501,156.4337298412881,266.50359408867433,307.8706332741429,69.41042073529907,403.3659742018992,345.24784516362973
617.7639261389029,262.70342298978517,318.87950307792244,131.00951713926656,416.3774934220811,302.28676324727456,92.87692520245945,328.4351956392931,661.2233964889485,183.56492887345243
679.9363879344005,380.7407468060799,521.9760354573942,189.04706034301225,561.3548258730776,178.37013988912562,131.26155796970602,428.7036471793106,335.46414870473524,244.23195365350145
106.68293465608595,398.68264831117995,512.0962273975205,248.18493139812358,465.4784288298701,358.614930725286,60.46470866611388,344.7910932260468,122.07254776085563,387.0983875374638
323.3781146096315,339.68217190901413,516.0068820108568,175.47184852558496,435.0170133743853,403.9335900030407,504.883677059518,124.33768423940232,509.8071612962023,130.81591673759453
94.7648733551468,48.03766320432283,135.3094207447477,316.6139908406539,539.552209090495,256.6907338642651,149.3031614885913,259.3363275967891,557.1416590256439,414.28537976020164
581.9941236749514,412.3371514077389,592.8914688293148,431.79044694141777,211.45811159409473,179.4205141903261,239.01689644016662,375.464017335029,449.12196951636264,98.06710736441103
397.840038472794,282.7990481155075,258.96134778719556,63.20025065180763,483.8665438769821,315.05865320056535,567.2784139870985,122.9152405519537,596.2872674832176,161.52885772829703
364.0707115405328,264.4233376596703,141.67820694349263,294.58266435633925,253.90086292710816,413.0230471808739,460.38921896790623,393.9046813682749,459.95224307248264,464.58291361490683
639.9812342692143,404.2371685691696,95.87352037048386,430.17626246544694,320.61868194304844,405.3303076993889,80.76708669590391,46.924472121565024,647.3845226952408,230.86517509660234
46.78840968603574,129.89746277895512,458.40954002202403,145.45130962890823,394.3462546738463,425.18922673073354,151.80568620890392,144.72270253442218,441.8354068879822,423.9753659560717
555.407476723189,68.30626445760596,144.87936516568882,432.85938301273956,88.25927135645964,386.637662038761,367.0841126891669,59.68319393118156,651.1640261156404,378.4168291743907
704.2966884992866,387.06839345628134,110.05470072621975,423.7443298719786,237.658851632519,88.10116994631863,372.0366472299327,440.66946078314277,284.79444909482976,451.30554083014323
292.3928559502039,54.67175344231074,161.10659698004366,412.194448853684,474.3985670193016,17.973565777028803,184.18920792924595,392.7723658912962,257.2682515067225,384.0169178595405
584.255617208944,484.7890618636551,143.22138055536774,316.1361059003286,336.24173209529556,343.49366300794577,570.5877290356865,470.73659810836153,270.2195553147453,268.6591974171589
47.409669245870745,-18.039101273596142,534.7839608436765,71.5795908075752,570.8944621838463,307.94354397086244,368.29976694434333,422.5135970663791,271.0334109837022,258.1872334634291
496.51593675112844,259.9957805826331,571.6462215226512,104.0762899742519,252.97115952436306,96.14437062100863,329.6698307610864,62.642351469565895,651.8254834070129,352.4167268151233
467.09058927551155,83.57119926296937,95.6499843605982,370.372539029202,125.64967843157442,157.45016155587223,382.444380571073,244.8428021217564,203.25636351558188,381.7356765743568
581.3459970334358,160.84999104473806,605.4296871110373,138.8382423170976,560.2565105659157,51.32455150360938,455.7676849810492,348.8709053136616,290.85508699373634,100.81954630000737
614.2548900492886,158.58826538445553,308.1396837755651,168.0414011434665,228.438301153806,462.3489942577356,204.52779639468264,99.27301277400451,189.58943494247688,202.075656624005
265.09825648059183,67.02511040553313,202.64282125100388,316.728714502065,484.86023765650873,326.13585836170796,260.15610212571937,107.08924504136982,254.65376767417354,380.31848722061056
510.22923255301856,460.13685162042964,173.84083759244115,334.898128812739,49.53719778919782,83.33962799818138,134.3913937577864,129.5890063453094,515.330099283532,368.79553225347263
637.3819292863964,426.7736085939526,148.72368375178056,271.5460674090832,68.74962013349385,37.85761664066502,145.7695716896936,76.62697051669116,576.79615147363,304.7321922544461
444.39442469693637,54.1094317844301,496.2553569851336,161.60033884213894,430.6558182530956,397.8347482454227,557.461904574994,77.35265610890454,476.88550947572503,144.23441377642268
111.5382191751301,272.46532290014835,440.26200191604227,174.5267263524431,447.5115860515247,300.3670609696978,470.9258482733964,140.94279329164377,125.57677459878796,144.1833372645101
656.5394641420814,42.064439668358,200.94687095352154,325.83772818529377,229.25423474329227,234.76873675608434,322.4052911160509,416.5987210742925,480.1666930712901,278.9280843307118
303.8039669922665,83.39182107411878,610.2712798239453,287.34549585089866,159.64226979205148,350.56026728196247,144.73636231618582,338.0376902339476,463.7232255396457,400.66548916084764
148.03997528378358,151.42529928367645,246.23278352327065,321.7431866742757,380.7454047924887,484.20905694463164,164.68356589187948,97.12257556194605,516.9006481076791,274.8367223150684
375.08846035397147,224.47959658142557,172.25473735167463,326.53619514105304,270.74597857254844,49.33940592669313,85.68710232593638,318.8237958707705,245.21247878709326,119.70514329202702
207.25879936011873,39.051108442376126,518.8770753757949,147.07643809995548,128.64877061175255,172.55618148490922,285.8754248161708,463.55588170571554,244.1345324180309,338.67338704538236
294.4777179730094,86.68051542742276,108.9527518816048,356.12476134638405,583.5566917963757,93.81686647350574,203.87256921294025,185.9959188680133,425.5353132714191,400.80542287311107
287.70967388625184,307.0605305306542,166.4325648931742,389.8896140847622,495.4182173362173,68.0122556130446,440.8265711002741,291.3850476048185,154.92938398882288,104.40039123249812
647.6458213809321,42.71862557718346,91.69818352378773,333.55550132697385,175.66444346865205,167.07682844536546,245.63157944022848,353.48744477872384,290.4246018451742,347.18344872595844
588.3702600207359,50.000642044875796,102.24493481458677,400.52617141292166,144.5904438373783,89.27380876878492,130.28363463760056,165.92122406198646,473.4493231943684,348.46163815445857
77.8247427350515,186.58978688163972,536.5558368564795,210.543697793315,540.2260538639119,360.51816189249104,63.656802422261244,110.29141330189728,444.00074003398765,116.41391355801117
407.78625859009856,316.6704530794707,172.34520986278062,397.28921664815635,375.8848131554229,400.22600096050786,83.56580053703354,115.44787294520353,123.96297851062818,417.6023912083878
269.39217626899017,308.72171254166085,62.097277629528776,319.9738455774541,123.74955992445064,105.78630921720337,417.99950732041907,92.14553965742606,412.58789455019223,191.83732047113907
128.6094385329519,42.61142596051331,412.3496394125085,148.142767544281,101.05441895624548,81.03884121691429,280.65319498681095,311.17248353463407,487.60707796951596,383.04602319254803
478.082100020822,70.46111659084983,193.0482955844359,416.4233358655519,108.44302546541057,132.94378517722515,345.99550645538386,69.73991580096853,246.36690374354242,322.84041093386554
289.6307710601226,353.3873884607672,149.209616926815,334.6147948950912,456.52914707137614,367.47107161581096,539.370670375294,83.57659875736172,629.678841361619,133.75720070828513
331.62381964814705,357.5360196240415,323.011382755911,59.341080371601755,535.6759335234414,193.37854332260326,598.7243676687539,370.69564301872924,191.06873115582346,186.17861077339546
562.2425646394936,105.90890294283653,305.3139683850038,143.6261318887144,417.2144274100726,402.66512629850604,154.3243383904324,37.09536262533676,624.2365152738267,417.389207421578
491.91575002451253,-17.29140064694277,80.28219920894968,341.4015883411292,180.99671307539137,394.8166795621731,395.2767726907255,394.9039373151971,235.33563577717223,354.5758684975815
453.2765407439405,111.22673403294988,337.4638461503718,269.2956639401028,593.1239366335467,339.86430430109675,159.0427344685274,474.3208643686227,499.6475357123728,418.9695400637316
503.29677350188683,179.1325282871254,487.82177296827996,160.04102612859936,474.3069717172677,380.6329537107984,45.26539161050854,77.32433007727434,51.17780895872444,312.58165198860763
460.07658998159604,261.11243618514226,444.34702556728325,152.13299396969705,492.8144310442402,425.806660953364,489.9288758895178,72.55122507442165,483.0476826164079,279.6936459755434
374.03004235069403,401.3430677781414,123.73669591678996,381.0847841204864,104.18426416732207,501.14436025949465,193.47150530776457,157.85319031343764,132.7784067014839,153.364420504495
463.1327667142684,42.51521435022879,478.3019615619643,200.8988819501214,257.48447540945847,328.9285295376239,244.79420940397316,291.1692952103565,392.71130633612546,447.54156658278134
231.9409770150159,384.85657490083713,173.54404901167305,375.95309313743473,118.31325629352207,162.52351829302182,377.5631534692442,309.80237814256657,434.3699470561587,316.76625496506796
350.5299258509554,40.20539619083986,223.96995771428897,286.9476591930733,390.9661255266106,435.17974040244,523.0731774573674,32.38622786791814,471.6057401663424,218.3408140573527
292.8946481807236,46.99432471849197,84.64992062851485,355.99136845783323,140.92081466115437,96.04666605959761,386.7930788143305,382.8961889465684,275.60020119763584,403.37107300294133
230.23049244473532,232.73832796504158,277.1077712711024,315.0599128666573,362.2855807667568,429.3750031675901,543.7920782655588,417.01733203344446,564.7402920741322,163.099088580719
-1.1222091426660032,320.00983593946114,511.1739992979874,112.28106335229322,149.1230915772512,73.8576143354144,177.18606422521697,183.13309770000345,99.02980745083416,279.097827315633
322.4106540177246,348.4906442552476,231.91666598109109,287.4271314858808,557.1734483314708,401.9610561863268,504.76611995589,407.0843741168707,293.69672699286195,190.9636668550893
558.9073022281403,403.9625635555447,529.7268366431013,158.58880790588796,110.90486202928022,127.08081728109795,151.45252889837087,66.28089223490835,654.0897527414361,167.472384981146
460.18339511943134,455.4109362327308,547.0292598526022,203.34180444671205,580.3586470332165,388.9317566931691,574.1858825975569,41.09571609826409,499.92682061430565,184.96543968013268
17.29754505177572,452.1533584534454,576.4871669597953,264.0914655465365,218.05974323655064,146.9316952239564,425.0085470221026,159.2531555254211,124.5351310508437,375.16746548681226
588.3983629247089,269.0746950833131,198.475498613063,388.20639640575047,462.798535921377,164.93414739331732,132.34915734089552,431.43434742732035,223.31331530415173,390.1230427984081
463.65338416111786,100.72155504317375,487.68450844538785,194.9982239053973,436.24687202655275,497.43972553531944,562.0517023252454,130.74424056500126,566.1887506027592,370.21649039903895
318.9699737849881,191.91052291663098,178.34658194800176,127.6576598169475,111.54316411140383,122.08125039223688,464.4393534371597,456.2384749216119,56.35035305735486,309.40563308627145
192.80405015886151,30.063506339184467,485.08813027168674,285.40946755524374,356.5610530984783,168.55855448216965,160.88071232663722,180.63401760133905,159.7822234768827,410.5162035637105
273.68913928245996,313.86111458481264,580.3467483260249,164.98488776320332,524.7617845159048,422.1817549285524,147.6932150776138,36.546686658558045,92.6423928362006,175.84590431831464
143.01303713986107,99.86755978305571,599.0208582173758,285.04684785143326,148.63947074810307,178.06797446434734,314.7186880680326,153.73960062669627,373.3157910900898,391.7521222590082
459.31641844128444,431.02556990511295,125.95507329676659,73.01829732020484,466.2138258428436,211.1802258150374,58.17970196797187,473.9908138359887,35.80344952370629,460.1089774742433
463.7405221636491,67.04804470801918,551.9031680174621,204.04650460342208,470.3417145798861,436.05480465104694,128.09589961484164,42.54016319904256,112.46213552386885,399.10952293487964
163.88368678654032,81.63665802850939,161.01110129726558,402.20742718784896,179.91623118021846,275.78186955848486,273.4843825992424,432.1221503932407,165.41990818163356,353.56148480782656
619.9740461044286,505.3953690534419,448.6062751699549,334.0692625335906,167.97495280052786,188.98426620724555,250.33959872859202,397.7931742448629,98.10297675985245,94.99992961151341
135.79001895240714,24.737883452924603,483.71602525978227,416.0532801735259,240.67553718785908,198.91609718423467,316.40954424040217,169.48781201660694,285.36129015033856,420.9143059542552
579.1755771346328,309.7349190954066,138.89486508735712,319.47192789076746,67.22788199901977,363.504253111278,166.96311402735543,249.10291171512648,365.8174094028889,438.7448294605803
440.2063982397998,80.85925860348101,122.08235138632544,338.53298363907857,153.87274334973236,46.13449386882854,362.70962293397685,400.46717561949106,421.8473001090938,411.3833955948203
561.635147826856,423.6023323343485,145.0720653501061,420.93363906562314,478.9148003726496,353.6067336088846,537.1674155764588,397.787976465094,308.9121353273003,213.56848952872963
273.24209737349975,75.57476068940491,189.25944495803816,386.4202204960164,227.14010637907856,397.28217514456793,112.34474393695272,393.4847948325314,174.40085830077467,362.4864447915477
174.0464634178579,398.23390622079796,201.2964254310767,336.147222872405,369.8493042380149,117.0968568527202,315.39178307637223,391.81995265337974,250.12475519522857,341.0206316249069
79.04653166322471,102.7020277866303,222.8703762649782,389.77620820356776,456.07329160057,479.37638162871525,115.09604031594743,340.05187760313805,477.314309908412,471.5869147635128
338.3106195599517,0.5199752966408298,309.0215903646674,239.57514939276356,251.12419099524044,485.97561070253425,451.30095159397695,155.81742850870538,469.63962012345945,108.64211709545674
545.443190808063,44.38466419058601,104.54971330889447,383.0498359922785,555.1506984518954,156.44064689516506,253.6326032936877,388.5638200246285,189.2894687555261,339.9248434234507
128.1726728265302,53.40361020663411,159.12469037202254,360.0008461276769,148.68678236602037,169.35124526909217,349.8900371660858,417.38208962831357,386.9746870360713,387.3079274083424
397.4957514393071,307.5921063273732,516.3232300774698,92.79728373940209,434.37796432064926,433.7036614394979,144.40134036293819,90.86936168425751,106.74090392194618,101.06835454361713
315.3217053479185,233.02183178687832,473.0607653944602,168.4228573122151,520.0448220130278,414.82293353868573,155.26253091490068,285.05978398307144,176.90918299170917,418.9507719550005
316.12492225785394,82.93831767512486,199.84814384267762,401.7767166042181,325.9291471547203,161.11018726100326,315.6164420747166,385.69526856101453,657.0381307218445,387.67842030811806
703.0377130048864,280.3630749267736,211.02251343879016,272.5081303768431,356.03107889678455,209.66293423178465,221.11270845679235,283.2380719474051,444.59463721437464,443.41310736118237
298.58684834078906,511.8719387751337,84.61170290699513,436.4779575759922,482.0851657657087,405.9390903651089,569.3201103587918,116.6886350886486,551.9859465496272,407.7884237724966
312.70097067074124,-17.55898996596401,84.0730610156472,175.1173777652476,316.16725456959335,402.20717972704847,482.75918786055223,113.52459533865309,564.6766811098425,146.9411477297399
530.584815714354,453.7940004867835,322.0732961814631,410.43142801932754,249.8618395096458,274.64310502145105,493.5792330467766,174.11549926733278,435.8183731584651,364.83757063137136
275.0053780137812,248.91805322664766,186.896934232907,399.06594561840296,225.7278088122872,419.7134823959884,547.2367816910975,100.37700132808989,599.0071903478135,77.01442705537076
534.35076031536,279.22033362259083,137.14043229344995,354.8743107279632,183.48067925175556,131.85343726684897,124.23100114882558,314.5986093977464,642.6246307334193,336.1554535607646
632.789717733503,104.05596734469809,128.5452465636232,369.2182515216347,152.2052108993574,105.45532515462499,347.37283192319825,35.394173173068,324.2297705235844,393.9975255077017
631.051209934442,388.8141161107646,101.07767555032024,435.084075611868,546.5653893629159,499.7615978717314,362.61805529560996,223.72474998219582,485.41299550112177,221.12645313423212
556.65417753461,464.48174756449447,401.7499757773629,203.00290614077693,464.13558155858277,367.02239541405277,562.4782842255545,46.93919118084557,111.84851712539559,145.38384491229294
376.9124847539109,324.50729324352244,515.5662267488534,145.31895009723092,516.1951545906071,353.2980228623952,160.76684085754363,201.32739480903768,118.37474832849936,148.7273325843001
638.3741534532817,55.83249838543659,55.79562974899446,88.47432791984667,245.41667070566356,253.63748718713856,181.13096199829002,338.83061777565143,282.4031985903713,178.08250649067188
337.923644775643,242.98662215823623,149.4164570565831,245.632526938433,293.3628304269038,134.28614015900084,124.78606359530022,98.1087174294383,631.03898012529,435.4216463388107
546.3666706346737,441.22785045949223,54.789928271531544,293.32939318300765,61.26571392239364,381.4029224498973,51.42746775789587,233.49680187592006,262.39582607464826,141.781032058237
552.3839766909182,442.1668399839126,580.4718026349968,199.96823730435045,518.6601843420267,439.45199899641216,555.3719140636426,141.29708144326335,446.29000395582904,138.89939909361922
431.29262580326287,295.721939212904,513.515309558672,153.70623221673185,309.45755996382815,310.7501291614349,425.854101557628,275.85191686296383,335.43199489596606,279.7328880735923
81.455932867264,197.88511237891652,230.4655711662996,296.0166978766869,467.4246528110208,80.27058822394233,491.74146214827044,6.446916266666443,125.35605771081423,112.90665806294292
569.5097236157065,86.39491564973224,122.79428530738257,321.1821289232098,170.10877100253964,123.86692646235026,176.11745874529024,159.79926541294947,456.0409309179644,444.5146300662424
211.0493890852326,0.6547990823359022,316.34660504672036,313.1872548088921,171.80450238984963,117.51944166023671,374.64257003420494,250.98044823803502,175.3009114462902,342.29586363210734
290.4071229364143,298.59186074329494,225.59219372489466,384.7360384955325,152.03956292589774,405.182693203329,71.28526800372194,389.7746173356325,440.0500944918732,387.8963700363206
234.2707009429891,95.94680178270612,220.80994830719828,279.936267762809,217.4259308883478,149.45179174939898,301.3645592209551,431.5886849009773,279.08450428697813,387.30975616214147
231.68443959572855,353.2898831769192,234.8521374803627,306.1216746593253,508.7372720115028,338.6492026513566,603.9449016147836,413.3601774303393,371.3364246413076,361.2271317915061
545.123305245531,421.81554019966705,554.2568906062845,150.60298890443931,472.0549426796119,249.53328629598028,549.5444816562938,128.7488786835042,480.05569649705643,213.4672513430731
300.84797626302736,11.617954068591887,466.1052240934252,100.37690019596076,347.48682452941347,437.6594660479028,218.23495674022092,201.62682458650337,668.1048465265835,212.0365965100592
534.3216124970935,480.5245470222096,443.903211733512,96.91356806114074,519.092583798119,406.58969910651285,577.9546551970816,91.908162260884,565.4099320070864,136.1712994272767
175.15334808976124,-9.328028589469621,517.2409950300921,153.29355906954464,88.37210592992615,407.4699233961075,183.187732600141,195.9640733723459,472.2164045394013,287.8788192604048
95.8115680225686,445.60020226534186,535.4681123327803,184.1175189448997,492.31944010110277,77.13214360327521,571.8404256626343,13.109589184617231,559.6406917251505,223.91075674474874
179.72307793734933,182.2694621142932,284.0443729661175,279.9700721439538,480.13522734151604,414.2286408423772,570.4192595807732,69.352788089651,115.6650385044749,172.95360009498535
219.91351634843883,276.169771621976,542.4467929564686,159.26807753521956,534.5332444678833,502.4454477608429,498.70408413897934,82.36946904078845,534.5732673845566,207.23764748673034
516.4049608128628,74.56441986792997,185.17668950026075,344.9673604197924,166.11349970907472,119.04491054527638,395.6645563472177,473.38050858617225,285.7053609581891,433.493303586812
652.5810022277533,453.1391694955429,549.8776438505871,373.33673540696526,250.2223541567611,465.61836767309256,539.534991331549,48.20732010508045,41.800852256162486,155.22991905303147
186.5787037253557,244.06247788650234,262.5250520635601,156.4688810893639,111.01851271694527,383.96904187115683,211.7216070891422,103.15404663439753,145.8383304794186,287.4019294178324
505.17690671773977,455.21603122811615,216.59454887068486,170.97809907828702,140.86419773084697,435.69404048209645,510.318912899551,114.03310239321736,584.1939651575997,203.99392827022237
389.12671725421404,228.40280232554795,548.409182989957,228.79746191548838,259.8307755046598,31.52199317627623,355.7459194952488,397.368947325231,297.1954702486281,465.0630005588056
502.9908003477356,33.36549257524354,469.487563591683,161.60888267385545,347.48144877078715,223.48931439179455,58.361413423634886,149.95671156345003,36.55392181408601,181.07424081223002
515.4801058707575,290.9464669026583,282.14773637973104,334.6522003174669,272.33898146954,105.7499527556622,214.98639884903224,159.12618353083792,39.22059659029081,261.86312277657987
244.49737729390853,3.0770018747326517,124.99665018444954,385.7181866086943,461.641925931801,416.91196308728183,155.87567224581022,86.28172536558756,91.5361883752702,95.28584187786282
402.0323555818005,451.5608738814823,203.71816776619116,345.03282334312735,470.69443958773206,116.62513694559632,601.9654320122821,151.63413523934918,45.951604005081535,119.21591668133185
362.95508175855184,192.67501361313396,158.44541999583228,339.7799219637388,74.41654089491175,233.0131712110718,318.9367236814505,328.2137333674246,268.6947230834024,367.1223831717819
38.823992493488035,73.32878920445641,218.24068912540702,208.94061774969538,120.52434818423035,502.5029766642072,318.2077763553918,356.1550002606294,263.5573772113267,370.61761540193424
-9.004830142437859,176.82400369017842,87.43337265218862,365.98200093058756,147.5973335091607,165.33091153955746,410.6708045027575,25.342200689682834,437.04645860962626,86.51209173667272
565.8647292741189,95.12296377913651,453.11093145419756,100.19713929218474,145.49999133715167,188.14016807944273,253.04850149510537,337.4954227356474,240.28290666003946,426.52411619391665
586.4223577557706,169.25563074869092,183.95542021827723,388.02150175398066,83.78306429598318,165.38884064324904,135.57289569907422,154.89795548956332,388.4689558695443,378.26571258832513
599.7618374460358,159.70470098703763,407.52139812441436,206.41946570974451,570.8509865889772,197.37177038120285,500.0078836494195,124.42292711539461,335.05128088603664,91.93418352592752
459.23330282891317,91.16751212847332,558.9471273429856,118.19678588230632,144.08628007557564,116.82710065299541,128.280664671234,369.5890100085428,157.0120420467334,431.19507234296873
-0.1231597597086207,-7.7568911282195625,147.84927894360465,376.58519310911754,229.38929889589593,405.22038666460537,312.0489533409631,185.24837013945478,634.4198137346451,429.3447429912519
368.4300828403883,123.16302694993543,160.39863699901477,387.2170685871097,194.44311285185535,494.4532733986645,148.80556950257858,44.49308027290493,545.5744158963761,392.7150969654276
485.5369420395534,65.09160350518758,525.4386743556311,138.49541005164517,214.33279301341634,439.12883168995546,120.20658354753317,123.67747013158177,541.8295580989158,376.38840397101785
330.15632754566855,338.0286306228907,580.4760747234996,139.35377241462444,435.2036791168284,409.3527001840935,526.3205604292223,30.459757784910725,242.9209239695656,232.21485171254332
361.98719033841155,307.50479468849727,607.2479996374025,208.6880298274579,467.285848642552,25.001648088560255,600.7402111975539,66.35864154903106,507.8151588660587,158.861745244182
195.91254850108857,215.13299952017695,405.79304348997084,151.55382097893812,267.8163427796151,436.4955764534935,578.3931811310163,189.3070735318555,124.36702595671592,183.6968881713137
492.62058728104944,418.72063857821394,533.3710406066051,210.7527378130607,353.9304124773653,391.283154489689,550.9224850272324,396.61501695823836,367.862971899102,152.60640450741076
129.91172617461845,187.37772726579354,433.8216331106603,140.97822683363617,504.36605771855375,408.65069544316646,491.2074813724153,148.1644460068622,111.64907056679245,148.07835922625958
228.3478804156984,214.4422372887565,436.12954003199513,137.0974704350181,537.285558798866,8.687343375635802,196.5012427165913,100.61641035898008,85.23675578676381,171.03804388005753
364.66597672330147,352.02841355397345,312.9288823776228,428.71078521068165,431.8710741002509,400.2603357858205,119.20199049953862,159.66578325918366,145.35411340977987,211.52695334388494
495.53545991125907,157.69425905249602,152.6455872164433,385.4060166521521,95.57073389395197,247.4198314210267,289.96488547785697,32.91416346778304,310.79159886935236,74.81193903105756
192.42635266197013,232.5959990150478,514.5705130991815,156.71411069499104,94.64570190488345,389.8753476060481,157.93088969027468,69.08730725138277,444.6276332674783,175.156545323259
498.85444783156817,167.5649293759235,483.17673982491254,155.54822139415825,202.90067630999684,28.818306511763392,100.26614876531472,105.82220899960298,671.5350506383472,102.85081509398081
463.1764937234691,369.5399643717011,535.9813515388494,150.7878218492863,225.73047563036658,343.0664912098267,80.54201566778559,212.7259232655634,343.37811520573575,100.02629234356715
269.1879917899247,291.32930958683835,65.95904749584012,79.5756349425113,498.29996622997663,56.14948840749062,459.1403632402936,120.00029301020037,563.1410892818578,192.85513533536607
535.0471678589336,296.0192065981802,87.96657322618567,359.98233893724654,175.2879892866547,379.1079553418247,53.06181437572213,40.338120646354426,138.11317310718158,278.8033737519927
-12.333824285160446,211.83819036696806,469.44578191860023,221.41203516030092,440.0150788773433,408.1958884825807,487.6588716984816,209.81279022411493,399.4647014884717,147.7615403051985
692.5947107053399,385.84246342460136,323.70927234256,180.30718296355042,242.56406430780302,181.48933506861823,149.31268453824876,376.6832430389136,617.4133664219661,348.77872229322674
260.79305307255754,61.58092015825149,129.4573370936182,388.8984426561693,223.5784825782709,406.6675648003775,121.12157061206385,208.01695498689068,154.4967482884758,237.51573465853815
221.86810296155662,250.03158884788454,163.35549617806868,377.9074279624115,448.90991979501166,405.27252556387884,107.22171030710318,184.8611692519131,116.53972303863053,170.7235375705108
41.51110470963471,493.3088943051877,488.0937312539914,192.41942681896256,92.51732477925445,58.81460943927047,440.01804899247753,415.42956770092457,327.72843359923024,240.13948279737969
8.648907661777637,24.46493993113639,437.9514948265584,225.16133746468498,558.0124605625665,289.3933379567883,171.87052241169386,285.2002813640664,455.8512701808438,369.0178553824381
666.613262625889,49.030705285461714,168.6655188971699,432.25647756514513,159.55691198829047,89.16688915161423,287.8684951739389,386.44620282493906,227.9267105994603,420.80901483490544
184.57778019293968,108.8459301098215,554.6462920907948,309.8300027400733,145.55189626765673,174.19813287993955,345.0204533524897,197.03240962407608,454.2088049792486,393.51070450034905
182.58849198784503,230.7316483057396,481.9879303511531,203.24759285035648,516.2639622204191,311.0890524904752,545.4102079775367,139.43202605098287,598.0899460293894,246.35248390818606
423.3151615380293,124.02335048464624,312.3278958940088,141.12142210448897,502.69098741677556,61.91997093664053,445.2076594143427,32.784593227741595,279.32577174968173,260.33825010764895
178.68257993888207,9.952221975295856,163.04390149237446,405.4004081165591,437.7788394127695,398.9268356847578,175.30951684334906,110.97362973597957,148.09110954517735,395.0890924241543
415.6295506250882,94.22226623185297,143.14464879076564,371.8067790751717,482.8443165429131,412.95673242416444,111.44564744328802,143.61662149727076,603.5274981280685,357.30371424241343
693.9551564499957,197.99830163323546,388.2571251614198,380.2118405461387,300.4571706485747,470.4208300415985,98.2674513881385,367.0774562122936,659.6397229659184,372.5913848197192
654.9487099497776,53.47312972767576,307.7069892521801,302.44452714161173,79.92323252596074,467.9292435981737,204.90814960173427,423.2735348950911,394.8927075037158,284.5797903711558
280.6055022758589,336.7763833797563,468.20245837986914,334.86860488905205,515.8654784397653,264.9456640151101,183.83432346114242,402.79589922793207,283.4106075597351,107.92494963743019
164.2342549582971,30.023031441651646,569.7216336150645,279.99317049195054,158.70345364292191,167.616420736207,326.68026975131306,19.721933397952085,238.72914238482807,418.20099845033945
158.35893585379438,27.15440138157643,226.7548185449935,357.04877201464126,165.89156117682577,308.0071076802447,436.09639816212007,431.66698390028864,292.31855872898825,323.8190440017474
202.03095037583955,251.13704980122947,530.0660002201422,171.97271094477279,450.9444862813273,342.0722267683187,457.51282957533874,181.77860028251408,138.12408686760466,164.30077716526557
585.6080897294196,154.5708826765449,298.2202139738673,142.94891233680121,235.4795320816935,125.54807135153553,173.20532754530316,70.25495498909808,464.77810706839233,392.55816400125866
302.89821737058827,276.8233588038244,369.4454739166482,70.122022023462,99.92402584871738,178.1469004625111,254.8917185034624,287.6805463488382,374.3487363087552,283.1791520243619
464.4215836018933,372.25885448652633,122.82921644103146,277.2345667244817,412.5599700435372,428.9575025628636,138.15627322923586,416.7287710913227,411.59807155471634,190.94645500268504
147.3027930969899,17.941306366568597,502.55159682956366,217.62940973805652,496.2987354756804,315.76581062077724,509.6890991239314,123.64335273243445,541.9566238086031,460.5945113297592
431.2703670053978,92.5871815908929,376.3100567509351,76.02192530491753,327.939461602026,345.0583060584781,96.6958851254762,59.67046860250734,92.07711732072893,445.77884909560305
352.5400619842377,518.9422406229024,144.57135933579883,318.84293786052586,153.52283231872406,216.95341791352126,459.2243299434301,134.11764009875225,123.28345027681105,345.9812292354586
458.2053940761272,435.5099730624652,441.118961647383,168.120986976605,506.6953123192347,400.2811296320794,474.13289918780356,286.06495946748925,501.3312683072551,174.2811306654227
358.8596676312235,314.68988206979054,287.68574201048153,76.79126496840742,453.1910790402485,461.5978954885269,470.3556182168626,407.43032396384405,233.19688202357045,135.41722101837195
29.065400711092636,345.296122994648,131.55468974850413,424.3379464488965,183.2464358764745,64.20866430941207,168.60639623364816,285.7437325516391,503.7838229259143,298.27391547680975
430.9335768915632,98.6068835570347,496.10936314859987,235.0049571315486,219.62429728259147,375.3981843162833,254.07118550533357,109.07966035466092,536.6210483734737,419.19684162485055
401.1182961406185,387.7974960642013,570.4721848661284,180.18264282066346,325.265559222659,464.03103679454364,357.280951113292,77.40319273537719,363.3303387557935,417.6398075189743
43.61187560344491,226.1097833080739,75.75335694844057,419.61541772537055,471.9796290266147,118.64557273029858,162.55911626170246,423.6517423427102,398.5553750502453,442.47457798435227
538.3263041428584,505.05160395849794,87.20590904168388,360.1165933039293,164.80257516205393,335.0769338292158,250.95447848028007,101.54373679500235,364.15216250728065,415.87795225866074
241.5093334631248,203.55632744126456,429.51281795458436,143.55178483742048,469.7996625873594,56.402869264980914,138.35723783767799,172.74264895390166,131.0818216509407,457.1926787570484
604.930484065313,76.97561011326547,372.8730843357337,376.9783629933638,164.2110705266843,136.801488216247,316.25506923846785,127.91122427001446,281.22510510363315,451.27282069954225
392.7682981118027,40.86004627724982,438.6793700853526,135.20222407739757,561.6893153784832,458.6584595053276,75.12831105794744,40.720436992517854,462.0451983055108,316.87303957074664
220.31768573362086,257.3767094423424,46.75599966677018,146.36221788331343,535.8960332963513,404.7482133579972,521.1646289977468,161.54938175190387,137.44047660885673,201.48906984694105
230.28192688328505,378.1747839325403,479.11492837242673,73.36208548711191,291.6244728097512,359.391588116266,113.31266448709596,189.90821916315463,142.09613291228493,194.10684050971125
19.29478054546891,271.80373185545625,385.1628738043393,337.14546605014164,377.07732272565147,171.25471895654627,300.43095551422743,183.51279937462104,362.4708540486543,87.72948889731384
478.11203589737016,17.204485081001078,187.20323448533097,437.99302638844324,441.9376453047419,119.83103834742771,187.41031061063563,90.11585135362249,477.1061973873919,399.1828844439583
93.45280494887496,59.021700495160474,441.24133596323355,66.11849663758008,131.3312358966043,157.0087360729085,382.260815419402,346.3672315768751,233.0313228896758,467.5149054369827
362.7347085535972,420.9162528263146,212.75080056781673,214.87857357370984,478.4423717314092,299.30153364162936,555.6213735375641,323.2820187939796,271.04843410491577,188.8411702635015
478.22239591470566,45.0790284182806,163.74422744909265,320.16202222006314,187.9990107146415,204.06660644179905,402.35661533991845,397.9254499970029,244.11026064276192,341.72849714724623
260.0528096743973,325.2147251608446,508.89443538670514,94.71800023698407,537.4979864101333,340.71488181593924,75.78305049922866,128.69297958179976,139.25048032738658,176.512963894187
593.5517842951651,253.13169980044674,423.62161171611893,356.23991751917544,167.11881616475645,110.89683190389862,288.6173548223472,223.83390662977368,104.67873722428064,155.39129303772143
103.81420239712432,358.2225199121762,131.2836303746261,303.77920251842903,215.91148028650022,120.28362043443983,326.5815715912075,349.7178024868001,193.85823856318754,342.64867349216996
664.0848828978752,37.74090791635355,110.1783553610416,147.72855232914793,563.6419211426859,92.19236197742669,353.07789833290445,231.53177173229034,607.1756991746846,425.88699958339424
395.32719073270147,372.45410945158505,446.6134498195458,140.07351232315148,497.3002538325914,147.31367127923883,424.80032200430605,102.94074017333496,68.20780536501962,246.0036825191353
472.46904572089824,487.64942333230795,168.35025209071742,406.7749870114359,465.28930001961487,16.94051577053934,168.38865211836193,56.044661764872764,148.2607969874731,284.8105796185313
95.10803400541613,10.051141939055194,146.94931139419842,414.68827618460904,383.20320298842285,484.1415192000456,107.3998460702505,182.53675027629262,451.9714804930603,338.31038432901494
674.6023784579719,138.69757480656975,157.1025780177834,329.1985789840902,186.27234536114085,253.8750377243791,254.05830883098776,307.42390367120737,145.07182848568428,71.72487201275122
526.2096230529606,494.51975328088866,476.0717636906338,177.84732291547954,389.3310581385007,194.54483799044527,581.9846810202026,82.41896104440906,70.84747264902116,255.61805019556286
61.39610641290926,21.2106809906628,478.96990965447793,307.9177586174488,118.41836924857336,314.1794239770581,128.70884430160305,410.001758097605,412.3968412492625,342.27332337283207
356.40417616843536,363.19218867370927,256.5422948117583,104.39169814079872,448.00986400669325,202.7667242344382,539.8720991054649,28.935644965530376,520.8645227440036,191.85226937593308
505.8014686936157,443.25563607257254,597.5351282053061,106.93038173763819,59.599918274509136,97.59226913637303,352.43789852600395,87.57963562562452,492.1102129914329,163.6429565230974
597.7007272683596,308.6325187157968,202.63627004246214,371.6678669423974,158.1211498849799,138.2329714555714,301.4982494003633,442.0094741908558,293.6384356031232,453.7716514104132
54.373170840568434,83.48493435231501,520.134696808979,123.69357135609447,457.58552863859404,387.5691050915813,529.5619750802782,18.635140090583334,545.3662083799397,189.27896437996438
372.20678825653465,101.00794353224717,586.0444266228525,266.9835203987728,179.0763739378749,225.64596582603664,321.6609633718984,371.54341287708263,274.9340575619098,454.09789161984145
13.49400030529205,195.71149991569663,533.4320777848116,132.99132347420752,430.33279190973303,223.11163631110549,448.87537195963995,114.25442602280395,112.76815520754823,198.30389897025992
271.26743043215316,263.8344679109782,57.68532072424742,335.9854483655962,124.18178666619418,350.75138992511387,264.2376717031133,426.45240537522295,659.8429428979276,387.54322055488024
317.0592967195287,335.06713456164215,516.4059798441315,145.82204854609114,421.6026501527397,447.641759391402,534.8317545099338,413.3929629973514,392.4354364836439,221.28281243094142
208.6356221308297,263.4642101497401,174.37187964523432,219.1244847382531,173.42556287954517,70.53713823607308,413.27059240248997,471.964272062488,571.8497798221729,169.75053270760202
418.9674837217822,299.3410101436707,462.4546485769313,145.35868502329384,508.5259362659725,447.025283882223,464.1650513913733,56.77791623459664,140.38984711344904,184.6940442440201
534.2566277260404,166.26485654408796,267.0484725169709,432.3126367163582,482.16301820282933,287.98795398148803,194.02243784583789,130.13274411621512,477.62183141394746,401.9183582163503
213.74269332494052,252.9925250328215,156.69682933492274,371.29028145979527,489.09097506530776,324.5092336215448,482.4290191220372,133.99676919079184,601.922419969671,171.20435414485678
-11.141813109510998,148.73164646932915,88.0305480293143,365.52291302948754,150.07054395740704,162.69669098205662,385.5828727637032,16.436703815525945,428.050656715212,410.71976457747763
387.9277898290642,49.025609401981214,153.70172239171592,348.9232178880265,370.0035562682012,403.68309275080316,174.63339711028036,116.11492502895096,82.87173645641009,443.986565381013
527.1491045820203,417.4970435689475,214.38144677288383,350.7125279376622,240.01731812747408,178.535934541043,151.23283888053209,75.66676237155025,523.8497025693216,382.2147168465216
363.0304858338055,302.4822341046187,87.74417053992467,341.26917580017187,422.10700561803975,416.1574289562044,504.02360819011955,376.0770381289619,161.24630111439348,160.33469102451332
538.6665037071845,466.3014300601955,429.80066694920913,59.15303880480101,455.8987659969315,366.5462925550419,581.2809286610817,141.36372976231618,445.75183475525057,140.23956136072968
392.7834786248987,98.45702991089972,223.77817372428035,360.19591513434426,116.6863367755183,216.16006263606312,316.50252896043,311.3976665214801,244.23984981608646,359.76466268852715
156.68913629654867,236.66001624657886,125.86579106737229,359.89077601442335,286.76077562073067,174.72864503870545,371.0150615414019,182.85713324429574,217.11861298704864,75.06201356771822
458.955811201788,483.1225613768167,548.565103174741,211.67047201654685,444.5681799637299,472.6345963806009,532.099693736891,382.7012210813342,580.7975130833775,229.32497535662668
296.6466708362606,394.7323488943652,205.26914723102342,442.69046624133057,171.3764647311336,257.7079931055139,323.406226860694,291.0019292965031,252.59871260099845,335.8469706410354
420.13819141834864,293.56588459409215,467.36178844837457,128.8959805413937,450.88180406064225,400.51628690408137,566.7813621432227,95.63849679942724,110.72766070483111,184.8867541832626
42.01326811844205,41.22208578168817,154.9783891829393,346.7934544123236,97.48245880586012,122.43169615249559,356.6214539442089,407.1888415580941,491.087020388829,336.59788429588
444.6024585869132,395.03320512827736,521.3137043823784,161.06876218701206,450.622687344685,442.66233971537986,524.1254701827924,261.91366104963816,77.81541436763261,169.6869810615624
557.4981406837819,480.00820173474335,458.6744416458591,96.89180530611421,466.7381515011461,464.6713695075044,565.212511133136,138.087516790861,542.8427590615039,197.06410482319896
489.37375657509807,295.28406351099517,543.8095855719494,180.87375379703516,469.7514020382423,460.47960694421784,506.1542813922989,140.41368037660493,613.5507769875773,416.44843986583857
87.66382956524447,158.34394050606778,511.41271357989945,118.26464775855102,98.97486025857532,136.91332546437883,129.28228575019193,445.4778768448475,194.66060575252877,273.3592965690189
96.12496092678316,96.8735399417646,226.47647237901916,307.55047375686297,211.6326567327543,188.14338667606594,384.8210785167266,305.654841438313,369.57325279867223,331.4760275362101
50.905321357883004,420.29885976762785,156.6498333367694,447.03843303026014,48.70067945608149,442.0773873825169,242.7460995770808,139.61109335994857,502.54623327959496,309.0087827156109
493.034430817652,38.994333824900146,174.7072924480515,333.44701293144146,505.9430422352648,325.5567814070035,95.59880564680977,167.09190572831963,147.40063058338018,379.96873317170264
431.2293809398745,435.2047652661173,576.8051397953994,444.9363809921719,475.3874730311072,301.89701610032756,294.7011043896299,414.3936534305907,324.83551370975135,189.75016005580022
297.7527053539493,362.67282799000327,383.754747445393,301.0296838261306,449.09847611009747,145.28935715921995,169.47709216487814,107.72886821176412,475.028943106425,122.18180692604871
372.7764516095321,406.81957505722994,155.9325169808233,347.0149740198619,117.34910391908329,396.6544638367832,500.0799963273657,255.81738591390894,48.22213704148847,156.6260858648818
344.67096753538493,42.50782896826107,447.0288276039293,397.58313925191686,414.20170751039956,428.0933192639845,74.65174148056491,111.21096170739582,434.03608438722006,445.47390057744855
404.90663540000145,367.6888605060878,440.1895275419415,131.58760210501848,437.3769964853176,342.845546931339,581.688542368979,374.6617284105685,189.39192750150505,152.7915556211884
161.5965403157823,514.977404315296,417.6321885042882,207.80457366719662,461.5325632989117,406.8862380859769,229.01142280203646,390.9587738165616,460.52511319666377,266.87552564261887
474.22713743169794,53.608035685179466,383.36331128745803,172.42259355048773,142.9371474642255,100.08905616521625,235.69893724547063,273.99695861044916,487.0119117318632,399.24680805860214
626.8717968925655,28.813772019764116,45.810410505273836,57.02790467498152,432.97446880479305,149.60925526075698,44.402506424751614,60.68648590345615,100.74233395291675,99.34899972205076
672.8681823921271,400.940437487195,192.88982991161762,394.0627963280697,235.05242058392568,34.21124712375233,129.49066861940813,52.356388503949745,408.73845893344435,471.5472043421741
452.7545353406067,275.1402520584863,261.8018132223222,387.5087279469841,65.54354438846457,269.2590307101366,263.6451831022388,163.3578205250556,261.0808233045661,245.28894476760917
