x,y,z
405.6331328,53.92658852,a
258.9390461,173.8698994,a
221.0581753,-11.05050955,a
4.437899381,122.7261721,a
592.9153369,21.20413108,a
174.7776884,68.34472732,a
596.8063356,63.32967109,a
551.7284787,73.02659497,a
712.0718947,50.61551963,a
594.4551362,92.20839203,a
700.7007806,58.93792644,a
370.1006147,57.50189074,a
505.8391358,65.10375518,a
191.3197937,134.1209954,a
563.1800129,76.3144828,a
557.8624237,41.97236057,a
593.4645658,38.58851859,a
50.67159734,15.21143663,a
392.2107455,32.88327114,a
676.6159346,38.2717158,a
585.6021039,79.49851151,a
643.0933712,212.4342983,a
570.831447,8.15536761,a
708.624018,62.33525032,a
639.2428274,165.2991917,a
470.6902611,35.49734824,a
650.3062643,73.76961651,a
404.012162,27.98143307,a
284.3229326,76.34626729,a
645.4479641,200.0257466,a
550.6541316,51.96229971,a
383.7806462,71.61422994,a
61.10644407,86.6545849,a
473.1644707,129.8389628,a
347.7808503,88.47463452,a
423.4687331,109.2467468,a
447.3226953,172.9664622,a
324.0221558,89.57912631,a
69.73834577,90.48586449,a
503.5387234,58.9917092,a
253.7338382,117.7914158,a
52.76696893,83.3322824,a
219.6846092,44.91753112,a
225.7260196,106.8775845,a
48.33094077,74.64398542,a
163.2574982,33.97262908,a
209.5234813,117.1921766,a
390.2613395,39.11635786,a
658.5405372,80.60098493,a
634.1212247,45.27713642,a
656.7671139,66.6942625,a
22.70644267,69.37633896,a
175.6531016,74.29186809,a
666.0716197,52.8083164,a
279.3843088,99.74047962,a
42.09802119,113.6506007,a
593.7741314,60.40542938,a
514.530395,123.1945847,a
28.10137482,101.9536224,a
582.1695214,75.30285187,a
82.5615991,64.89082329,a
237.1420489,63.95781322,a
102.6238716,61.72775439,a
697.6128338,94.61815726,a
361.0293114,98.03687644,a
292.6465444,119.318941,a
17.24073825,115.429978,a
238.4040559,30.52936527,a
604.9650328,100.2607984,a
306.4728549,142.6580954,a
672.5785662,53.54121348,a
281.3837197,-19.24434221,a
449.0309709,106.2888672,a
192.5836627,66.11709239,a
440.7577678,103.051172,a
361.0190761,54.11951032,a
160.8837492,99.1331635,a
262.0023644,68.83981104,a
465.3806907,132.3733032,a
188.5133843,114.1249975,a
540.6273306,114.5712069,a
380.2747863,271.7054296,a
251.1889013,105.5863026,a
109.681718,97.74755728,a
140.2903893,96.80198995,a
50.73364787,192.2832189,a
592.8109191,45.3805116,a
600.6803292,128.2846473,a
459.8054954,92.99207453,a
24.28611358,215.2194497,a
117.1390985,112.2827249,a
135.6761509,122.0583872,a
95.59175246,41.39831132,a
175.9196255,40.32679127,a
443.8522351,104.0352262,a
312.0922759,97.82139392,a
237.0959971,114.4707315,a
127.070552,110.0288244,a
426.2878641,73.543769,a
570.4706377,96.87675722,a
215.5726477,63.10976604,a
184.3404916,25.28076571,a
81.55687658,83.21913511,a
76.44902958,78.24484731,a
693.8263145,50.20944595,a
376.5231643,140.7863376,a
378.3625354,107.1604462,a
611.5614002,93.33827549,a
340.3353848,90.77926849,a
435.9318516,48.20074783,a
198.3935157,99.13318858,a
621.0372468,14.11053174,a
316.1261625,35.73198174,a
481.6706013,32.72323831,a
601.9644997,24.63368185,a
441.7354749,39.88024199,a
303.533956,93.28264148,a
251.891533,98.82796366,a
318.7413908,63.78324376,a
175.4170083,61.52872009,a
310.9773702,59.45963057,a
83.91822173,53.08860204,a
46.16703485,83.5355717,a
29.66140722,54.01110551,a
400.9521284,104.1930907,a
583.5511447,53.34479112,a
407.3321839,42.54238644,a
528.1179607,172.7187512,a
221.6685866,4.564818062,a
371.8468766,95.79484352,a
217.1651388,76.62874951,a
549.3424772,124.5941598,a
386.1544055,121.9501024,a
37.72236272,95.50824432,a
463.2473388,65.39920796,a
136.9875289,88.68089105,a
38.80671881,59.59787853,a
191.7679337,192.5265145,a
436.2369589,101.2722498,a
555.9727013,115.8623108,a
488.662302,95.90684549,a
427.9751787,42.50723291,a
496.1828766,73.9932611,a
583.9433621,100.4021351,a
436.2151573,53.11823242,a
67.73641435,205.6701549,a
484.2918168,72.07571306,a
272.509284,61.93060569,a
150.654073,88.2170852,a
226.6012643,92.1706831,a
633.2024855,85.14302127,a
612.7968482,97.75031512,a
512.7913586,152.1106819,a
224.1169803,114.3971234,a
607.4457289,14.88372709,a
443.6949462,107.1754966,a
279.9365285,109.3627987,a
4.902953313,74.97910116,a
298.5738244,119.2445598,a
211.5850967,76.41786443,a
410.717871,102.5980408,a
657.7965255,127.81214,a
606.458763,56.21391825,a
711.8173139,87.88393837,a
165.9946889,65.65304747,a
427.5127986,96.58462974,a
456.4138657,48.84954585,a
59.01574911,144.7492209,a
284.9175554,-16.23086987,a
178.2064367,214.6692975,a
173.583317,93.86276042,a
701.6901965,90.42147812,a
306.2575994,50.72332634,a
641.435807,55.44880301,a
153.9848218,112.734711,a
277.5844147,30.10858586,a
57.58548442,105.7317301,a
357.4469186,104.112552,a
271.0235915,111.6663027,a
592.7863024,9.601927265,a
24.49711937,79.13123487,a
50.64073173,94.27312511,a
83.30744082,76.70052395,a
12.27995909,197.0760894,a
346.3785707,71.93866033,a
494.0666412,76.88582877,a
342.5101131,71.8017062,a
654.3962345,31.42776217,a
180.9414366,38.17200468,a
166.7558727,108.7679238,a
392.4597468,92.91199039,a
637.2295263,103.6010727,a
691.1371609,71.63922651,a
709.8563628,74.18904583,a
282.8953518,93.95272331,a
653.8559917,68.22508048,a
-11.2212851,74.39838272,a
240.7911279,38.56955791,a
266.1423008,81.55588917,a
654.4676668,-6.799497438,a
151.0303889,29.18407092,a
142.3724718,127.3894334,a
480.0189316,94.83572873,a
250.9652106,26.0736056,a
417.431234,7.022723622,a
172.9050065,114.7955597,a
611.2586003,50.41516781,a
664.0573291,110.3731913,a
606.0129301,87.0207581,a
331.0144972,100.2374041,a
80.40591431,170.8293673,a
402.1194668,18.55984906,a
434.3424662,19.63366648,a
281.5521177,95.71906444,a
234.4822281,55.10991667,a
564.7546728,42.8718987,a
31.30917266,79.15114383,a
139.6138922,105.479474,a
350.9198245,72.62398698,a
421.823127,83.16506556,a
546.2065443,118.2778019,a
328.5130957,76.66966381,a
394.4063989,73.99216864,a
155.8880557,110.7872486,a
134.5091283,25.09451455,a
502.3784846,120.3767506,a
686.4872563,66.54683517,a
541.7197529,99.25020718,a
568.9330315,132.8399127,a
206.2854847,135.2336104,a
143.2003393,126.9244054,a
656.4375313,30.94179543,a
223.4481358,69.05839998,a
365.9255823,34.46326014,a
187.8171632,26.07050338,a
135.0954913,117.350494,a
288.3848308,121.4232593,a
503.6724042,116.274116,a
601.7618471,12.73250462,a
146.5377825,100.5176928,a
547.3934027,130.0518994,a
757.6468272,26.04886465,a
527.7351949,63.51721689,a
343.8884421,86.57974866,a
709.4440356,88.09718825,a
595.2909356,249.7880065,a
75.88284798,24.28331469,a
516.7830872,45.24348014,a
691.8819155,91.65491793,a
392.8357461,141.1450208,a
183.19824,80.64784709,a
680.5063287,154.1207276,a
276.5413311,168.6986921,a
169.8206112,87.15017133,a
131.6072709,35.67205531,a
709.8974672,83.11435408,a
394.8022837,94.54799857,a
402.8771579,28.31954327,a
452.7194798,101.2624646,a
580.5647754,84.56560601,a
529.9188774,-6.2101645,a
601.674082,22.25505634,a
226.9751913,8.879840598,a
304.1446803,75.59256213,a
435.3756989,101.0206626,a
670.0086086,56.84606334,a
138.51361,62.38455703,a
375.8856051,80.9526203,a
618.9040694,53.23904694,a
500.6338271,0.343997247,a
541.8156153,37.78670771,a
528.7855531,92.9556824,a
110.8518298,30.9986485,a
95.92751053,37.57226536,a
615.327058,147.0818603,a
470.8234454,56.62109681,a
245.4364392,31.55562756,a
491.9256399,57.96030159,a
262.4888254,105.8831555,a
246.617229,121.0166068,a
746.8516565,57.79839227,a
636.3747778,113.7398912,a
335.5159318,81.20294559,a
393.9393183,46.72484731,a
430.8448379,96.90471943,a
570.8992681,46.00255319,a
150.9283175,168.0464525,a
383.2994875,220.7260798,a
0.690454795,205.2089174,a
586.2237521,56.87579343,a
681.7746316,24.60397836,a
443.8851425,111.2331859,a
173.6220851,60.32520146,a
265.4541475,79.71681777,a
638.4648075,49.41878323,a
47.67969932,107.8428344,a
562.8466392,83.35245751,a
464.2986295,115.9137203,a
194.7995678,237.0625758,a
223.3887746,61.34213062,a
238.913047,111.0324243,a
66.2322649,134.5156983,a
588.2692328,139.3306662,a
422.8026475,57.14834925,a
633.5956254,88.19407533,a
676.4041622,134.7189055,a
552.9209167,7.488299211,a
486.5898721,53.17236583,a
441.6523792,13.24883155,a
264.0195422,67.91638432,a
557.7732143,130.2656074,a
164.3051624,133.611727,a
282.755078,67.68036016,a
145.513166,28.31243857,a
54.8718076,42.99824159,a
561.297332,105.2441956,a
538.1880299,50.83734792,a
225.3773999,41.19899442,a
417.8588024,57.24097204,a
242.7401669,361.4322314,b
529.8736501,479.8380457,b
508.1849827,421.8844734,b
492.357939,415.1309191,b
103.3293922,258.0557614,b
109.3024119,225.7961754,b
203.2379334,312.5097213,b
128.6624738,312.2635152,b
574.9518234,424.0312372,b
137.8972213,236.7812848,b
149.2122897,334.6773515,b
143.4843497,356.2177237,b
100.9720838,370.9081582,b
230.122261,365.1602129,b
361.4341458,366.0695362,b
475.3322872,461.4680244,b
341.5944197,367.7878831,b
403.6366112,423.3981757,b
292.5194513,374.1343547,b
532.8321961,400.8235407,b
564.3103674,431.5411757,b
495.0984882,377.5092945,b
299.0414413,397.6198419,b
224.9001949,369.5979644,b
100.1525687,300.768654,b
468.25547,360.2076329,b
218.5150766,401.0288636,b
221.4096956,318.5213834,b
398.0465453,380.7078974,b
356.2038157,369.33701,b
161.2670089,229.1337657,b
506.8307228,428.2712528,b
422.3151409,508.671826,b
302.3996113,395.1258121,b
163.6878423,278.8737713,b
118.8128755,294.7818338,b
513.0187368,409.7254861,b
549.9446482,350.2442912,b
456.674147,446.2191941,b
280.1839043,348.1554568,b
459.7337798,410.2371151,b
520.5045857,412.0266365,b
129.6217639,340.6675262,b
148.0527956,287.691193,b
247.2582782,332.6201324,b
203.8150831,240.0452765,b
405.8411012,388.1182014,b
101.3984915,257.2204738,b
174.0720391,253.9330169,b
200.1583693,376.594525,b
414.8686726,479.6190205,b
153.534171,304.7107365,b
699.1768808,482.0392969,b
-9.473925445,212.6418158,b
434.6400665,402.5153711,b
25.96387148,244.1281264,b
420.1519523,365.7343958,b
149.2879387,254.5525231,b
436.4375206,399.4298338,b
336.3880575,381.2675037,b
184.2295552,291.7666862,b
176.3007458,365.6541316,b
451.2314069,380.5225329,b
370.0826977,413.0441959,b
126.6905191,330.1809259,b
191.4171927,255.1297302,b
133.8901141,260.6817565,b
490.3814884,432.5669825,b
431.9881146,417.0866773,b
333.000187,396.1605593,b
399.5628272,425.6922411,b
412.0141399,485.4821626,b
349.2300452,343.1792291,b
420.8447109,382.3033269,b
176.64162,388.0027633,b
477.2659268,400.9148974,b
325.7925953,402.8699106,b
200.7354598,285.7475631,b
168.0829213,341.2521807,b
28.08543004,293.6217825,b
348.6017131,370.9208133,b
366.5044786,427.3145266,b
388.906841,385.0565567,b
89.55062112,417.5993225,b
119.8375558,277.2436206,b
137.6089529,267.3808406,b
302.0854106,384.8932086,b
299.3235059,453.6354072,b
475.3155544,495.6769849,b
186.4184723,369.4789963,b
217.4006664,423.5313605,b
99.5192429,277.3473772,b
94.53116618,246.0230849,b
173.0893096,300.398966,b
612.7190328,464.6528406,b
163.9412183,152.3844563,b
404.1205373,377.9710848,b
419.0504976,437.0100761,b
133.9496424,342.820838,b
272.9088094,391.4886948,b
203.8505321,303.1491447,b
527.8428013,462.9681999,b
381.4024397,404.7085905,b
185.7346356,317.7826081,b
68.4033645,214.4676407,b
598.0645627,387.7215434,b
56.31234583,256.2140959,b
379.2389167,395.1707813,b
86.98137201,317.601236,b
360.6876622,315.1438883,b
314.2363797,377.1006514,b
196.954361,355.3754248,b
177.4173139,330.0455932,b
301.2999145,374.9077111,b
456.1230623,425.2850263,b
152.8860119,238.9327105,b
337.6996971,314.6373547,b
521.6149105,417.2217859,b
112.1646309,418.6538464,b
57.37891532,196.9071714,b
242.0425902,479.7617506,b
484.7666837,470.911683,b
200.2589245,306.9075403,b
139.3241258,293.684824,b
547.8925302,462.414027,b
163.5430248,343.8813515,b
169.2703802,345.5649935,b
335.5734266,509.453495,b
323.9635159,377.4843827,b
347.9476558,368.9417564,b
280.145452,370.9312041,b
113.1247449,205.1224705,b
427.6308442,430.9328965,b
190.8174215,316.474323,b
132.1510937,307.4771006,b
542.8417028,478.4821209,b
553.5252915,418.4560409,b
400.836105,411.6977634,b
188.5065962,354.7765271,b
500.0542469,438.3344361,b
483.4459144,462.8010341,b
7.238061388,250.5230573,b
143.7190897,262.4453108,b
189.5565286,324.3113832,b
138.4967915,291.6160274,b
142.228147,352.2497449,b
436.4851593,402.3504679,b
211.5470037,317.6535987,b
365.0430173,374.2052149,b
655.8273148,487.3754577,b
134.7034909,411.08861,b
199.3257705,277.2123331,b
536.5135705,558.4172817,b
379.3675481,330.5004122,b
514.0837054,424.420742,b
121.6280032,253.5636056,b
584.4899473,366.9497595,b
476.8317783,400.5200473,b
571.3804369,413.1444748,b
113.4018795,413.520544,b
213.6991329,343.155401,b
356.8437237,398.9208729,b
502.6647861,405.82497,b
118.2291782,291.6849211,b
306.0996484,349.9291582,b
137.0252835,222.9950395,b
246.0972732,356.1975786,b
155.7241193,244.4291597,b
118.4756689,404.5081449,b
181.3081371,274.460406,b
193.2647534,283.7826009,b
114.9703721,249.5594194,b
677.17344,438.3957205,b
170.4832225,338.7276199,b
462.3019047,494.5097271,b
357.2505909,463.3299984,b
201.4349467,379.7342415,b
335.9275595,348.1883034,b
223.1548393,299.6022062,b
210.949364,307.8718424,b
101.1643757,315.6000328,b
199.765477,345.6604722,b
96.32289313,298.6164832,b
491.5487929,462.3527296,b
355.8348327,487.7205905,b
574.3283455,422.9406715,b
120.9494681,262.7358618,b
147.4166985,298.1637322,b
209.5642268,296.7163831,b
75.14853386,264.4223353,b
475.07159,309.4906524,b
62.01241143,266.8399059,b
527.6118234,466.9832748,b
145.102337,335.0699574,b
95.68975492,265.0584542,b
452.427397,393.8781385,b
311.3402853,493.6134287,b
130.6578761,274.7820977,b
518.8847458,441.5081424,b
500.086459,258.0155172,c
286.6573756,346.3982999,c
307.7794866,262.9270723,c
234.2047453,311.8640932,c
64.10461025,429.2989093,c
117.4061001,474.4026158,c
136.6124901,388.2008634,c
514.4118548,194.9460486,c
306.9035472,229.1120319,c
530.5893393,58.57723913,c
233.9583249,426.454417,c
284.9330275,333.7846459,c
105.8266482,241.9194695,c
300.725206,395.4920872,c
39.3881853,385.5229911,c
535.8438659,76.78636324,c
578.3522031,70.0357983,c
550.6508658,59.26943119,c
130.3622252,417.3870437,c
296.1720894,270.9342488,c
116.8347219,465.5540041,c
411.3778854,178.6415591,c
144.2366208,232.0915445,c
210.2064238,313.8478484,c
507.6042683,49.3738535,c
390.5610392,268.0776872,c
357.4552222,291.3691234,c
381.6642527,415.3534949,c
363.8655114,396.2996169,c
193.8481394,273.8268802,c
608.0178988,-6.98344817,c
250.9336548,296.8516571,c
409.1387567,250.6649087,c
68.93221723,423.8208665,c
178.4199744,334.8847216,c
35.75592291,398.6692178,c
351.0512956,207.3264829,c
17.10862529,425.702866,c
471.6039592,225.4835535,c
219.9320008,395.5320773,c
282.4723735,298.4320156,c
89.97059056,409.9278026,c
113.9148781,345.6278498,c
379.2225232,281.546098,c
331.4385177,232.4421026,c
344.3901991,238.3041578,c
362.3884176,287.3108485,c
295.5615647,414.3514275,c
500.4486822,175.5961306,c
132.9792065,429.1113918,c
185.4424386,394.0065384,c
184.4516063,416.8417399,c
530.5740318,52.70165046,c
520.5549055,136.9541778,c
567.1493347,155.8648902,c
379.5604955,234.7979325,c
178.4847742,269.7140721,c
66.24707471,466.1199478,c
498.8507877,28.66245096,c
23.04563754,455.7885665,c
40.43771935,445.2135074,c
458.5571792,122.2400485,c
369.7145168,212.5616609,c
377.5939265,232.606485,c
246.2170617,324.9523397,c
337.4575532,300.0355517,c
383.4185111,182.2171636,c
381.2424312,328.2949946,c
396.4438023,139.531208,c
134.8422033,446.740209,c
309.0556253,264.4767913,c
75.3361967,517.8805001,c
59.34682902,433.9758506,c
222.3676855,402.9944644,c
392.8905482,265.7387938,c
431.4448614,244.4956507,c
473.130473,120.8271494,c
495.887084,9.666174566,c
494.3132853,148.1193564,c
307.6965589,321.335957,c
269.7619383,297.4996431,c
167.4524619,337.9692162,c
500.6850173,163.343774,c
378.3241928,231.0932946,c
134.153862,497.9782341,c
544.6532659,46.31230976,c
480.6248177,182.3300403,c
386.1873277,250.9965555,c
298.4702035,251.10972,c
558.5141008,271.3574539,c
301.2669816,464.8199805,c
471.99552,126.0588081,c
490.2904032,128.880661,c
529.8984312,7.39295018,c
453.7084489,103.7140365,c
186.4143936,350.9072745,c
101.9704851,416.3586489,c
525.4845838,94.82215554,c
370.3921376,218.4946019,c
140.7817354,274.202204,c
544.2434121,9.594473821,c
126.2625987,409.8347083,c
547.1861995,45.69153341,c
531.651454,30.71570645,c
541.1963956,42.51488295,c
183.0704545,145.8664094,c
321.6382975,221.1681704,c
185.5779098,407.1886418,c
629.1347491,-35.52949451,c
158.6794033,409.5342175,c
492.72302,102.6106726,c
307.039635,316.6147162,c
479.814852,38.69696974,c
105.547865,486.9687412,c
573.2900815,69.99874124,c
387.5271602,240.0572543,c
529.2814391,93.5237872,c
161.0068771,412.618745,c
73.90131062,415.6550604,c
309.9323422,231.3602167,c
210.8422248,348.4158334,c
390.3519777,250.5526628,c
143.045776,404.5945872,c
565.9226227,50.40983118,c
116.939441,456.7714602,c
265.0864053,485.2460243,c
272.4910504,386.9701201,c
342.871132,282.7483194,c
186.6081647,163.7872512,c
185.5451792,141.3063908,c
49.57286206,346.475626,c
364.1872231,221.4549097,c
509.1694457,149.1682627,c
41.15383869,450.3224837,c
421.153044,203.1912717,c
253.4893089,434.9206376,c
341.4475307,221.4344603,c
557.8474563,16.72944501,c
358.6224685,282.8753475,c
304.9304026,256.222649,c
320.388239,179.7747378,c
115.3498059,438.514259,c
164.043288,346.7419953,c
514.2533658,263.3952596,c
487.2148007,110.9672767,c
209.7134409,438.5135479,c
25.39077888,447.8613959,c
173.4864159,385.5240393,c
549.9904779,55.46953487,c
66.55758845,310.3254204,c
470.2358975,114.0278191,c
116.181129,412.0672922,c
423.6645951,168.0310715,c
529.7885968,97.81828746,c
433.1071188,226.4997083,c
202.0854086,371.1899724,c
511.9939937,176.7822144,c
261.1641385,303.31018,c
536.178946,88.45585287,c
257.9748704,442.1214559,c
272.6885774,245.2854406,c
613.4149264,-6.865259847,c
60.12007021,440.6664332,c
358.4614051,220.6495678,c
234.6451467,280.9021676,c
325.5778016,289.2093423,c
221.2603175,123.5444157,c
170.0516874,433.3922977,c
81.93255114,412.2742426,c
329.0385405,245.106353,c
265.2510018,299.1444161,c
248.6516727,293.3929107,c
456.5421549,250.0764092,c
438.4158958,116.9529008,c
534.4098941,22.77658311,c
361.6518176,187.964705,c
283.7005779,252.951317,c
584.0577312,15.37466786,c
351.467436,176.248298,c
513.7870881,49.30317636,c
341.4514326,182.9813337,c
460.4712088,164.5013423,c
